"Awalan Kontainer (4 karakter)";"Nomor Seri Kontainer (6 digit)";"Akhiran Kontainer (1 digit)";"Nomor Seri Gabungan (11 karakter)";Ukuran;"Tipe Kontainer";Status;"Tahun Pembuatan";Keterangan
AYPU;003386;0;AYPU0033860;20;"Dry Container";available;;
AYPU;003387;0;AYPU0033870;20;"Dry Container";available;;
AYPU;003389;0;AYPU0033890;20;"Dry Container";available;;
AYPU;011250;0;AYPU0112500;20;"Dry Container";available;;
AYPU;017347;2;AYPU0173472;20;"Dry Container";available;;
AYPU;021798;9;AYPU0217989;20;"Dry Container";available;;
AYPU;037497;4;AYPU0374974;20;"Dry Container";available;;"TUKER TAMBAH AYPU0218033"
AYPU;024515;0;AYPU0245150;20;"Dry Container";available;;
AYPU;030418;8;AYPU0304188;20;"Dry Container";available;;
AYPU;031087;4;AYPU0310874;20;"Dry Container";available;;
AYPU;031131;8;AYPU0311318;20;"Dry Container";available;;
AYPU;033478;5;AYPU0334785;40;"Dry Container";available;;
AYPU;042666;8;AYPU0426668;20;"Dry Container";available;;
AYPU;050088;0;AYPU0500880;20;"Dry Container";available;;
AYPU;053508;0;AYPU0535080;40;"Dry Container";available;;
AYPU;073853;0;AYPU0738530;40;"Dry Container";available;;
AYPU;074134;0;AYPU0741340;20;"Dry Container";available;;
AYPU;077571;5;AYPU0775715;20;"Dry Container";available;;
AYPU;100072;7;AYPU1000727;20;"Dry Container";available;;
AYPU;100089;8;AYPU1000898;20;"Dry Container";available;;
AYPU;101377;6;AYPU1013776;20;"Dry Container";available;;
AYPU;115610;8;AYPU1156108;20;"Dry Container";available;;
AYPU;116117;2;AYPU1161172;20;"Dry Container";available;;
AYPU;117367;6;AYPU1173676;20;"Dry Container";available;;
AYPU;118104;7;AYPU1181047;20;"Dry Container";available;;
AYPU;119259;5;AYPU1192595;20;"Dry Container";available;;
AYPU;119473;0;AYPU1194730;20;"Dry Container";available;;
AYPU;120514;9;AYPU1205149;20;"Dry Container";available;;
AYPU;121673;4;AYPU1216734;20;"Dry Container";available;;
AYPU;123711;0;AYPU1237110;20;"Dry Container";available;;
AYPU;124078;8;AYPU1240788;20;"Dry Container";available;;
AYPU;124604;7;AYPU1246047;20;"Dry Container";available;;
AYPU;125602;2;AYPU1256022;20;"Dry Container";available;;
AYPU;125932;0;AYPU1259320;20;"Dry Container";available;;
AYPU;126112;1;AYPU1261121;20;"Dry Container";available;;
AYPU;126315;0;AYPU1263150;20;"Dry Container";available;;
AYPU;126342;2;AYPU1263422;20;"Dry Container";available;;
AYPU;126909;8;AYPU1269098;20;"Dry Container";available;;
AYPU;127390;3;AYPU1273903;20;"Dry Container";available;;
AYPU;129619;6;AYPU1296196;20;"Dry Container";available;;
AYPU;131338;0;AYPU1313380;20;"Dry Container";available;;
AYPU;140571;9;AYPU1405719;20;"Dry Container";available;;
AYPU;146251;9;AYPU1462519;20;"Dry Container";available;;
AYPU;147566;0;AYPU1475660;20;"Dry Container";available;;
AYPU;149097;4;AYPU1490974;20;"Dry Container";available;;
AYPU;152255;1;AYPU1522551;20;"Dry Container";available;;
AYPU;152335;5;AYPU1523355;20;"Dry Container";available;;
AYPU;154387;4;AYPU1543874;40;"Dry Container";available;;
AYPU;156176;6;AYPU1561766;20;"Dry Container";available;;
AYPU;168105;7;AYPU1681057;20;"Dry Container";available;;
AYPU;176309;7;AYPU1763097;20;"Dry Container";available;;
AYPU;183882;5;AYPU1838825;20;"Dry Container";available;;
AYPU;192119;2;AYPU1921192;20;"Dry Container";available;;
AYPU;196721;0;AYPU1967210;20;"Dry Container";available;;
AYPU;200068;3;AYPU2000683;20;"Dry Container";available;;
AYPU;200072;4;AYPU2000724;20;"Dry Container";available;;
AYPU;200182;2;AYPU2001822;20;"Dry Container";available;;
AYPU;200499;7;AYPU2004997;20;"Dry Container";available;;
AYPU;200510;8;AYPU2005108;20;"Dry Container";available;;
AYPU;200586;7;AYPU2005867;20;"Dry Container";available;;
AYPU;200587;5;AYPU2005875;20;"Dry Container";available;;
AYPU;200702;9;AYPU2007029;20;"Dry Container";available;;
AYPU;200703;4;AYPU2007034;20;"Dry Container";available;;
AYPU;201224;1;AYPU2012241;20;"Dry Container";available;;
AYPU;201292;0;AYPU2012920;20;"Dry Container";available;;
AYPU;201626;8;AYPU2016268;20;"Dry Container";available;;
AYPU;201933;7;AYPU2019337;20;"Dry Container";available;;
AYPU;201967;7;AYPU2019677;20;"Dry Container";available;;
AYPU;202028;8;AYPU2020288;20;"Dry Container";available;;
AYPU;202335;3;AYPU2023353;20;"Dry Container";available;;
AYPU;202449;4;AYPU2024494;20;"Dry Container";available;;
AYPU;202773;2;AYPU2027732;20;"Dry Container";available;;
AYPU;202998;9;AYPU2029989;20;"Dry Container";available;;
AYPU;203059;0;AYPU2030590;20;"Dry Container";available;;
AYPU;203770;8;AYPU2037708;20;"Dry Container";available;;
AYPU;203876;0;AYPU2038760;20;"Dry Container";available;;
AYPU;203917;3;AYPU2039173;20;"Dry Container";available;;
AYPU;204087;6;AYPU2040876;20;"Dry Container";available;;
AYPU;204580;9;AYPU2045809;20;"Dry Container";available;;
AYPU;204755;5;AYPU2047555;20;"Dry Container";available;;
AYPU;204810;5;AYPU2048105;20;"Dry Container";available;;
AYPU;204915;2;AYPU2049152;20;"Dry Container";available;;
AYPU;204923;4;AYPU2049234;20;"Dry Container";available;;
AYPU;204986;3;AYPU2049863;20;"Dry Container";available;;
AYPU;205089;4;AYPU2050894;20;"Dry Container";available;;
AYPU;205274;3;AYPU2052743;20;"Dry Container";available;;
AYPU;205709;3;AYPU2057093;20;"Dry Container";available;;
AYPU;205779;3;AYPU2057793;20;"Dry Container";available;;
AYPU;205821;1;AYPU2058211;20;"Dry Container";available;;
AYPU;205867;5;AYPU2058675;20;"Dry Container";available;;
AYPU;205898;9;AYPU2058989;20;"Dry Container";available;;
AYPU;205921;2;AYPU2059212;20;"Dry Container";available;;
AYPU;206003;4;AYPU2060034;20;"Dry Container";available;;
AYPU;206224;8;AYPU2062248;20;"Dry Container";available;;
AYPU;206282;8;AYPU2062828;20;"Dry Container";available;;
AYPU;206300;7;AYPU2063007;20;"Dry Container";available;;
AYPU;207084;4;AYPU2070844;20;"Dry Container";available;;
AYPU;207136;8;AYPU2071368;20;"Dry Container";available;;
AYPU;208594;7;AYPU2085947;20;"Dry Container";available;;
AYPU;208627;0;AYPU2086270;20;"Dry Container";available;;
AYPU;210023;5;AYPU2100235;20;"Dry Container";available;;
AYPU;210027;7;AYPU2100277;20;"Dry Container";available;;
AYPU;210053;3;AYPU2100533;20;"Dry Container";available;;
AYPU;210063;6;AYPU2100636;20;"Dry Container";available;;
AYPU;210080;5;AYPU2100805;20;"Dry Container";available;;
AYPU;210105;7;AYPU2101057;20;"Dry Container";available;;
AYPU;210107;3;AYPU2101073;20;"Dry Container";available;;
AYPU;210120;5;AYPU2101205;20;"Dry Container";available;;
AYPU;210133;4;AYPU2101334;20;"Dry Container";available;;
AYPU;210137;6;AYPU2101376;20;"Dry Container";available;;
AYPU;210170;9;AYPU2101709;20;"Dry Container";available;;
AYPU;210182;2;AYPU2101822;20;"Dry Container";available;;
AYPU;210217;7;AYPU2102177;20;"Dry Container";available;;
AYPU;210231;0;AYPU2102310;20;"Dry Container";available;;
AYPU;210240;7;AYPU2102407;20;"Dry Container";available;;
AYPU;210243;3;AYPU2102433;20;"Dry Container";available;;
AYPU;210250;0;AYPU2102500;20;"Dry Container";available;;
AYPU;210298;4;AYPU2102984;20;"Dry Container";available;;
AYPU;210428;8;AYPU2104288;20;"Dry Container";available;;
AYPU;210447;8;AYPU2104478;20;"Dry Container";available;;
AYPU;210462;6;AYPU2104626;20;"Dry Container";available;;
AYPU;210473;4;AYPU2104734;20;"Dry Container";available;;
AYPU;210484;2;AYPU2104842;20;"Dry Container";available;;
AYPU;210489;0;AYPU2104890;20;"Dry Container";available;;
AYPU;210513;4;AYPU2105134;20;"Dry Container";available;;
AYPU;210527;9;AYPU2105279;20;"Dry Container";available;;
AYPU;210553;5;AYPU2105535;20;"Dry Container";available;;
AYPU;210576;7;AYPU2105767;20;"Dry Container";available;;
AYPU;210579;3;AYPU2105793;20;"Dry Container";available;;
AYPU;210581;2;AYPU2105812;20;"Dry Container";available;;
AYPU;210584;9;AYPU2105849;20;"Dry Container";available;;
AYPU;210608;5;AYPU2106085;20;"Dry Container";available;;
AYPU;210614;6;AYPU2106146;20;"Dry Container";available;;
AYPU;210616;7;AYPU2106167;20;"Dry Container";available;;
AYPU;210634;1;AYPU2106341;20;"Dry Container";available;;
AYPU;210636;2;AYPU2106362;20;"Dry Container";available;;
AYPU;210676;3;AYPU2106763;20;"Dry Container";available;;
AYPU;210685;0;AYPU2106850;20;"Dry Container";available;;
AYPU;210708;8;AYPU2107088;20;"Dry Container";available;;
AYPU;210718;4;AYPU2107184;20;"Dry Container";available;;
AYPU;210794;4;AYPU2107944;20;"Dry Container";available;;
AYPU;210801;0;AYPU2108010;20;"Dry Container";available;;
AYPU;210830;2;AYPU2108302;20;"Dry Container";available;;
AYPU;210845;2;AYPU2108452;20;"Dry Container";available;;
AYPU;211003;8;AYPU2110038;20;"Dry Container";available;;
AYPU;211018;8;AYPU2110188;20;"Dry Container";available;;
AYPU;211046;5;AYPU2110465;20;"Dry Container";available;;
AYPU;211069;7;AYPU2110697;20;"Dry Container";available;;
AYPU;211075;8;AYPU2110758;20;"Dry Container";available;;
AYPU;211086;6;AYPU2110866;20;"Dry Container";available;;
AYPU;211089;2;AYPU2110892;20;"Dry Container";available;;
AYPU;211093;2;AYPU2110932;20;"Dry Container";available;;
AYPU;211098;0;AYPU2110980;20;"Dry Container";available;;
AYPU;211101;3;AYPU2111013;20;"Dry Container";available;;
AYPU;211121;9;AYPU2111219;20;"Dry Container";available;;
AYPU;211147;7;AYPU2111477;20;"Dry Container";available;;
AYPU;211148;2;AYPU2111482;20;"Dry Container";available;;
AYPU;211149;8;AYPU2111498;20;"Dry Container";available;;
AYPU;211151;7;AYPU2111517;20;"Dry Container";available;;
AYPU;211155;9;AYPU2111559;20;"Dry Container";available;;
AYPU;211183;6;AYPU2111836;20;"Dry Container";available;;
AYPU;211186;2;AYPU2111862;20;"Dry Container";available;;
AYPU;211193;9;AYPU2111939;20;"Dry Container";available;;
AYPU;211213;3;AYPU2112133;20;"Dry Container";available;;
AYPU;211215;4;AYPU2112154;20;"Dry Container";available;;
AYPU;211219;6;AYPU2112196;20;"Dry Container";available;;
AYPU;211235;0;AYPU2112350;20;"Dry Container";available;;
AYPU;211265;8;AYPU2112658;20;"Dry Container";available;;
AYPU;211287;4;AYPU2112874;20;"Dry Container";available;;
AYPU;211309;0;AYPU2113090;20;"Dry Container";available;;
AYPU;211325;3;AYPU2113253;20;"Dry Container";available;;
AYPU;211342;2;AYPU2113422;20;"Dry Container";available;;
AYPU;211356;7;AYPU2113567;20;"Dry Container";available;;
AYPU;211363;3;AYPU2113633;20;"Dry Container";available;;
AYPU;211387;0;AYPU2113870;20;"Dry Container";available;;
AYPU;211390;5;AYPU2113905;20;"Dry Container";available;;
AYPU;211391;0;AYPU2113910;20;"Dry Container";available;;
AYPU;211402;8;AYPU2114028;20;"Dry Container";available;;
AYPU;211435;2;AYPU2114352;20;"Dry Container";available;;
AYPU;211446;0;AYPU2114460;20;"Dry Container";available;;
AYPU;211466;6;AYPU2114666;20;"Dry Container";available;;
AYPU;212295;0;AYPU2122950;20;"Dry Container";available;;
AYPU;213340;4;AYPU2133404;20;"Dry Container";available;;
AYPU;213573;0;AYPU2135730;20;"Dry Container";available;;
AYPU;214228;5;AYPU2142285;20;"Dry Container";available;;
AYPU;215220;6;AYPU2152206;20;"Dry Container";available;;
AYPU;217094;0;AYPU2170940;20;"Dry Container";available;;
AYPU;217707;0;AYPU2177070;20;"Dry Container";available;;
AYPU;218569;1;AYPU2185691;20;"Dry Container";available;;
AYPU;219014;8;AYPU2190148;20;"Dry Container";available;;
AYPU;219035;5;AYPU2190355;20;"Dry Container";available;;
AYPU;219101;5;AYPU2191015;20;"Dry Container";available;;
AYPU;219493;1;AYPU2194931;20;"Dry Container";available;;
AYPU;219507;0;AYPU2195070;20;"Dry Container";available;;
AYPU;219910;3;AYPU2199103;20;"Dry Container";available;;
AYPU;022057;8;AYPU0220578;20;"Dry Container";available;2010;"TUKER TAMBAH EX WHLU"
AYPU;220588;4;AYPU2205884;20;"Dry Container";available;;
AYPU;220672;7;AYPU2206727;20;"Dry Container";available;;
AYPU;029142;1;AYPU0291421;20;"Dry Container";available;;"TUKER TAMBAH AYPU2214912"
AYPU;221974;5;AYPU2219745;20;"Dry Container";available;;
AYPU;222619;6;AYPU2226196;20;"Dry Container";available;;
AYPU;222635;5;AYPU2226355;20;"Dry Container";available;;
AYPU;223181;7;AYPU2231817;20;"Dry Container";available;;
AYPU;223304;6;AYPU2233046;20;"Dry Container";available;;
AYPU;223402;0;AYPU2234020;20;"Dry Container";available;;
AYPU;223452;5;AYPU2234525;20;"Dry Container";available;;
AYPU;223475;7;AYPU2234757;20;"Dry Container";available;;
AYPU;223562;4;AYPU2235624;20;"Dry Container";available;;
AYPU;223636;4;AYPU2236364;20;"Dry Container";available;;
AYPU;223723;0;AYPU2237230;20;"Dry Container";available;;
AYPU;223964;8;AYPU2239648;20;"Dry Container";available;;
AYPU;224204;6;AYPU2242046;20;"Dry Container";available;;
AYPU;224468;9;AYPU2244689;20;"Dry Container";available;;
AYPU;224584;8;AYPU2245848;20;"Dry Container";available;;
AYPU;224809;1;AYPU2248091;20;"Dry Container";available;;
AYPU;225452;0;AYPU2254520;20;"Dry Container";available;;
AYPU;225529;6;AYPU2255296;20;"Dry Container";available;;
AYPU;225741;0;AYPU2257410;20;"Dry Container";available;;
AYPU;225781;1;AYPU2257811;20;"Dry Container";available;;
AYPU;225803;7;AYPU2258037;20;"Dry Container";available;;
AYPU;225830;5;AYPU2258305;20;"Dry Container";available;;
AYPU;225881;8;AYPU2258818;20;"Dry Container";available;;
AYPU;226141;0;AYPU2261410;20;"Dry Container";available;;
AYPU;226242;2;AYPU2262422;20;"Dry Container";available;;
AYPU;226267;0;AYPU2262670;20;"Dry Container";available;;
AYPU;226303;3;AYPU2263033;20;"Dry Container";available;;
AYPU;226610;9;AYPU2266109;20;"Dry Container";available;;
AYPU;226634;6;AYPU2266346;20;"Dry Container";available;;
AYPU;226660;2;AYPU2266602;20;"Dry Container";available;;
AYPU;226818;5;AYPU2268185;20;"Dry Container";available;;
AYPU;227035;1;AYPU2270351;20;"Dry Container";available;;
AYPU;227141;9;AYPU2271419;20;"Dry Container";available;;
AYPU;227171;7;AYPU2271717;20;"Dry Container";available;;
AYPU;030563;3;AYPU0305633;20;"Dry Container";available;;"TUKER TAMBAH AYPU2272729"
AYPU;227372;5;AYPU2273725;20;"Dry Container";available;;
AYPU;227710;0;AYPU2277100;20;"Dry Container";available;;
AYPU;227883;2;AYPU2278832;20;"Dry Container";available;;
AYPU;227988;9;AYPU2279889;20;"Dry Container";available;;
AYPU;228117;1;AYPU2281171;20;"Dry Container";available;;
AYPU;229380;6;AYPU2293806;20;"Dry Container";available;;
AYPU;229562;1;AYPU2295621;20;"Dry Container";available;;
AYPU;229574;5;AYPU2295745;20;"Dry Container";available;;
AYPU;229679;9;AYPU2296799;20;"Dry Container";available;;
AYPU;229760;3;AYPU2297603;20;"Dry Container";available;;
AYPU;229961;1;AYPU2299611;20;"Dry Container";available;;
AYPU;229971;4;AYPU2299714;20;"Dry Container";available;;
AYPU;230119;6;AYPU2301196;20;"Dry Container";available;;
AYPU;230417;3;AYPU2304173;20;"Dry Container";available;;
AYPU;231141;9;AYPU2311419;20;"Dry Container";available;;
AYPU;231161;4;AYPU2311614;20;"Dry Container";available;;
AYPU;231224;6;AYPU2312246;20;"Dry Container";available;;
AYPU;231368;5;AYPU2313685;20;"Dry Container";available;;
AYPU;231405;9;AYPU2314059;20;"Dry Container";available;;
AYPU;231853;4;AYPU2318534;20;"Dry Container";available;;
AYPU;232315;3;AYPU2323153;20;"Dry Container";available;;
AYPU;233294;1;AYPU2332941;20;"Dry Container";available;;
AYPU;233397;4;AYPU2333974;20;"Dry Container";available;;
AYPU;233520;0;AYPU2335200;20;"Dry Container";available;;
AYPU;233549;4;AYPU2335494;20;"Dry Container";available;;
AYPU;233642;2;AYPU2336422;20;"Dry Container";available;;
AYPU;233714;1;AYPU2337141;20;"Dry Container";available;;
AYPU;233725;0;AYPU2337250;20;"Dry Container";available;;
AYPU;233841;0;AYPU2338410;20;"Dry Container";available;;
AYPU;233930;8;AYPU2339308;20;"Dry Container";available;;
AYPU;234416;3;AYPU2344163;20;"Dry Container";available;;
AYPU;234470;5;AYPU2344705;20;"Dry Container";available;;
AYPU;234481;0;AYPU2344810;20;"Dry Container";available;;
AYPU;234615;9;AYPU2346159;20;"Dry Container";available;;
AYPU;235008;2;AYPU2350082;20;"Dry Container";available;;
AYPU;235102;8;AYPU2351028;20;"Dry Container";available;;
AYPU;235111;3;AYPU2351113;20;"Dry Container";available;;
AYPU;235704;5;AYPU2357045;20;"Dry Container";available;;
AYPU;235800;0;AYPU2358000;20;"Dry Container";available;;
AYPU;236310;9;AYPU2363109;20;"Dry Container";available;;
AYPU;236886;4;AYPU2368864;20;"Dry Container";available;;
AYPU;237387;3;AYPU2373873;20;"Dry Container";available;;
AYPU;237734;1;AYPU2377341;20;"Dry Container";available;;
AYPU;238379;8;AYPU2383798;20;"Dry Container";available;;
AYPU;238607;1;AYPU2386071;20;"Dry Container";available;;
AYPU;238626;1;AYPU2386261;20;"Dry Container";available;;
AYPU;239421;0;AYPU2394210;20;"Dry Container";available;;
AYPU;239511;3;AYPU2395113;20;"Dry Container";available;;
AYPU;240108;7;AYPU2401087;20;"Dry Container";available;;
AYPU;240126;1;AYPU2401261;20;"Dry Container";available;;
AYPU;240183;1;AYPU2401831;20;"Dry Container";available;;
AYPU;240228;9;AYPU2402289;20;"Dry Container";available;;
AYPU;240236;2;AYPU2402362;20;"Dry Container";available;;
AYPU;240241;8;AYPU2402418;20;"Dry Container";available;;
AYPU;240335;1;AYPU2403351;20;"Dry Container";available;;
AYPU;240336;7;AYPU2403367;20;"Dry Container";available;;
AYPU;240346;0;AYPU2403460;20;"Dry Container";available;;
AYPU;240379;4;AYPU2403794;20;"Dry Container";available;;
AYPU;240384;0;AYPU2403840;20;"Dry Container";available;;
AYPU;240440;3;AYPU2404403;20;"Dry Container";available;;
AYPU;240461;4;AYPU2404614;20;"Dry Container";available;;
AYPU;240558;6;AYPU2405586;20;"Dry Container";available;;
AYPU;240571;2;AYPU2405712;20;"Dry Container";available;;
AYPU;240739;9;AYPU2407399;20;"Dry Container";available;;
AYPU;240752;6;AYPU2407526;20;"Dry Container";available;;
AYPU;240861;0;AYPU2408610;20;"Dry Container";available;;
AYPU;240878;0;AYPU2408780;20;"Dry Container";available;;
AYPU;240975;0;AYPU2409750;20;"Dry Container";available;;
AYPU;241012;5;AYPU2410125;20;"Dry Container";available;;
AYPU;241037;5;AYPU2410375;20;"Dry Container";available;;
AYPU;241104;3;AYPU2411043;20;"Dry Container";available;;
AYPU;241246;1;AYPU2412461;20;"Dry Container";available;;
AYPU;241263;0;AYPU2412630;20;"Dry Container";available;;
AYPU;241506;0;AYPU2415060;20;"Dry Container";available;;
AYPU;241543;4;AYPU2415434;20;"Dry Container";available;;
AYPU;241565;0;AYPU2415650;20;"Dry Container";available;;
AYPU;241603;0;AYPU2416030;20;"Dry Container";available;;
AYPU;241635;9;AYPU2416359;20;"Dry Container";available;;
AYPU;241835;1;AYPU2418351;20;"Dry Container";available;;
AYPU;241850;0;AYPU2418500;20;"Dry Container";available;;
AYPU;241868;6;AYPU2418686;20;"Dry Container";available;;
AYPU;241870;5;AYPU2418705;20;"Dry Container";available;;
AYPU;241897;9;AYPU2418979;20;"Dry Container";available;;
AYPU;241919;4;AYPU2419194;20;"Dry Container";available;;
AYPU;241923;4;AYPU2419234;20;"Dry Container";available;;
AYPU;241928;0;AYPU2419280;20;"Dry Container";available;;
AYPU;241991;2;AYPU2419912;20;"Dry Container";available;;
AYPU;242008;7;AYPU2420087;20;"Dry Container";available;;
AYPU;242432;8;AYPU2424328;20;"Dry Container";available;;
AYPU;242465;2;AYPU2424652;20;"Dry Container";available;;
AYPU;242520;0;AYPU2425200;20;"Dry Container";available;;
AYPU;242534;5;AYPU2425345;20;"Dry Container";available;;
AYPU;242577;2;AYPU2425772;20;"Dry Container";available;;
AYPU;242677;9;AYPU2426779;20;"Dry Container";available;;
AYPU;243108;1;AYPU2431081;20;"Dry Container";available;;
AYPU;243163;0;AYPU2431630;20;"Dry Container";available;;
AYPU;243450;7;AYPU2434507;20;"Dry Container";available;;
AYPU;243565;7;AYPU2435657;20;"Dry Container";available;;
AYPU;243632;9;AYPU2436329;20;"Dry Container";available;;
AYPU;243753;6;AYPU2437536;20;"Dry Container";available;;
AYPU;243821;3;AYPU2438213;20;"Dry Container";available;;
AYPU;243838;4;AYPU2438384;20;"Dry Container";available;;
AYPU;243842;4;AYPU2438424;20;"Dry Container";available;;
AYPU;244025;0;AYPU2440250;20;"Dry Container";available;;
AYPU;244090;4;AYPU2440904;20;"Dry Container";available;;
AYPU;244151;5;AYPU2441515;20;"Dry Container";available;;
AYPU;244168;6;AYPU2441686;20;"Dry Container";available;;
AYPU;244226;0;AYPU2442260;20;"Dry Container";available;;
AYPU;244244;5;AYPU2442445;20;"Dry Container";available;;
AYPU;244289;3;AYPU2442893;20;"Dry Container";available;;
AYPU;244297;5;AYPU2442975;20;"Dry Container";available;;
AYPU;244377;6;AYPU2443776;20;"Dry Container";available;;
AYPU;244472;5;AYPU2444725;20;"Dry Container";available;;
AYPU;244772;3;AYPU2447723;20;"Dry Container";available;;
AYPU;245237;4;AYPU2452374;20;"Dry Container";available;;
AYPU;245388;2;AYPU2453882;20;"Dry Container";available;;
AYPU;245490;8;AYPU2454908;20;"Dry Container";available;;
AYPU;245899;0;AYPU2458990;20;"Dry Container";available;;
AYPU;246112;6;AYPU2461126;20;"Dry Container";available;;
AYPU;246250;0;AYPU2462500;20;"Dry Container";available;;
AYPU;246802;8;AYPU2468028;20;"Dry Container";available;;
AYPU;246906;6;AYPU2469066;20;"Dry Container";available;;
AYPU;247189;1;AYPU2471891;20;"Dry Container";available;;
AYPU;247333;9;AYPU2473339;20;"Dry Container";available;;
AYPU;247419;1;AYPU2474191;20;"Dry Container";available;;
AYPU;247469;5;AYPU2474695;20;"Dry Container";available;;
AYPU;247549;7;AYPU2475497;20;"Dry Container";available;;
AYPU;247564;4;AYPU2475644;20;"Dry Container";available;;
AYPU;247659;4;AYPU2476594;20;"Dry Container";available;;
AYPU;247878;8;AYPU2478788;20;"Dry Container";available;;
AYPU;247975;6;AYPU2479756;20;"Dry Container";available;;
AYPU;248455;7;AYPU2484557;20;"Dry Container";available;;
AYPU;248662;9;AYPU2486629;20;"Dry Container";available;;
AYPU;248814;8;AYPU2488148;20;"Dry Container";available;;
AYPU;248817;3;AYPU2488173;20;"Dry Container";available;;
AYPU;248956;6;AYPU2489566;20;"Dry Container";available;;
AYPU;249130;5;AYPU2491305;20;"Dry Container";available;;
AYPU;249324;7;AYPU2493247;20;"Dry Container";available;;
AYPU;249327;3;AYPU2493273;20;"Dry Container";available;;
AYPU;249671;3;AYPU2496713;20;"Dry Container";available;;
AYPU;249976;0;AYPU2499760;20;"Dry Container";available;;
AYPU;249986;2;AYPU2499862;20;"Dry Container";available;;
AYPU;250617;5;AYPU2506175;20;"Dry Container";available;;
AYPU;250684;8;AYPU2506848;20;"Dry Container";available;;
AYPU;251183;9;AYPU2511839;20;"Dry Container";available;;
AYPU;251273;0;AYPU2512730;20;"Dry Container";available;;
AYPU;251286;4;AYPU2512864;20;"Dry Container";available;;
AYPU;251346;7;AYPU2513467;20;"Dry Container";available;;
AYPU;251366;0;AYPU2513660;20;"Dry Container";available;;
AYPU;251581;6;AYPU2515816;20;"Dry Container";available;;
AYPU;251658;0;AYPU2516580;20;"Dry Container";available;;
AYPU;251754;4;AYPU2517544;20;"Dry Container";available;;
AYPU;251757;0;AYPU2517570;20;"Dry Container";available;;
AYPU;251778;1;AYPU2517781;20;"Dry Container";available;;
AYPU;251783;5;AYPU2517835;20;"Dry Container";available;;
AYPU;252062;2;AYPU2520622;20;"Dry Container";available;;
AYPU;252228;4;AYPU2522284;20;"Dry Container";available;;
AYPU;252408;1;AYPU2524081;20;"Dry Container";available;;
AYPU;252418;2;AYPU2524182;20;"Dry Container";available;;
AYPU;252423;0;AYPU2524230;20;"Dry Container";available;;
AYPU;252453;8;AYPU2524538;20;"Dry Container";available;;
AYPU;252548;9;AYPU2525489;20;"Dry Container";available;;
AYPU;252710;0;AYPU2527100;20;"Dry Container";available;;
AYPU;252717;8;AYPU2527178;20;"Dry Container";available;;
AYPU;252780;9;AYPU2527809;20;"Dry Container";available;;
AYPU;252793;8;AYPU2527938;20;"Dry Container";available;;
AYPU;252836;4;AYPU2528364;20;"Dry Container";available;;
AYPU;252940;7;AYPU2529407;20;"Dry Container";available;;
AYPU;253053;0;AYPU2530530;20;"Dry Container";available;;
AYPU;253095;9;AYPU2530959;20;"Dry Container";available;;
AYPU;253173;5;AYPU2531735;20;"Dry Container";available;;
AYPU;253233;9;AYPU2532339;20;"Dry Container";available;;
AYPU;256509;6;AYPU2565096;20;"Dry Container";available;;
AYPU;256513;6;AYPU2565136;20;"Dry Container";available;;
AYPU;256725;0;AYPU2567250;20;"Dry Container";available;;
AYPU;257031;7;AYPU2570317;20;"Dry Container";available;;
AYPU;257041;8;AYPU2570418;20;"Dry Container";available;;
AYPU;257242;9;AYPU2572429;20;"Dry Container";available;;
AYPU;257578;9;AYPU2575789;20;"Dry Container";available;;
AYPU;257626;6;AYPU2576266;20;"Dry Container";available;;
AYPU;257729;2;AYPU2577292;20;"Dry Container";available;;
AYPU;257735;3;AYPU2577353;20;"Dry Container";available;;
AYPU;258140;7;AYPU2581407;20;"Dry Container";available;;
AYPU;258347;9;AYPU2583479;20;"Dry Container";available;;
AYPU;258380;0;AYPU2583800;20;"Dry Container";available;;
AYPU;258513;2;AYPU2585132;20;"Dry Container";available;;
AYPU;258514;8;AYPU2585148;20;"Dry Container";available;;
AYPU;258518;0;AYPU2585180;20;"Dry Container";available;;
AYPU;258537;0;AYPU2585370;20;"Dry Container";available;;
AYPU;258619;1;AYPU2586191;20;"Dry Container";available;;
AYPU;258647;9;AYPU2586479;20;"Dry Container";available;;
AYPU;258880;2;AYPU2588802;20;"Dry Container";available;;
AYPU;258924;4;AYPU2589244;20;"Dry Container";available;;
AYPU;258947;8;AYPU2589478;20;"Dry Container";available;;
AYPU;259174;6;AYPU2591746;20;"Dry Container";available;;
AYPU;259191;6;AYPU2591916;20;"Dry Container";available;;
AYPU;259210;5;AYPU2592105;20;"Dry Container";available;;
AYPU;259233;8;AYPU2592338;20;"Dry Container";available;;
AYPU;259289;3;AYPU2592893;20;"Dry Container";available;;
AYPU;259418;1;AYPU2594181;20;"Dry Container";available;;
AYPU;259529;2;AYPU2595292;20;"Dry Container";available;;
AYPU;259586;6;AYPU2595866;20;"Dry Container";available;;
AYPU;259812;5;AYPU2598125;20;"Dry Container";available;;
AYPU;260080;5;AYPU2600805;20;"Dry Container";available;;
AYPU;260272;8;AYPU2602728;20;"Dry Container";available;;
AYPU;260375;0;AYPU2603750;20;"Dry Container";available;;
AYPU;260628;2;AYPU2606282;20;"Dry Container";available;;
AYPU;260978;6;AYPU2609786;20;"Dry Container";available;;
AYPU;261206;9;AYPU2612069;20;"Dry Container";available;;
AYPU;261383;0;AYPU2613830;20;"Dry Container";available;;
AYPU;261546;9;AYPU2615469;20;"Dry Container";available;;
AYPU;261628;0;AYPU2616280;20;"Dry Container";available;;
AYPU;261831;8;AYPU2618318;20;"Dry Container";available;;
AYPU;262045;0;AYPU2620450;20;"Dry Container";available;;
AYPU;262434;6;AYPU2624346;20;"Dry Container";available;;
AYPU;262660;6;AYPU2626606;20;"Dry Container";available;;
AYPU;262734;6;AYPU2627346;20;"Dry Container";available;;
AYPU;263830;9;AYPU2638309;20;"Dry Container";available;;
AYPU;264302;8;AYPU2643028;20;"Dry Container";available;;
AYPU;264464;0;AYPU2644640;20;"Dry Container";available;;
AYPU;264740;4;AYPU2647404;20;"Dry Container";available;;
AYPU;264795;4;AYPU2647954;20;"Dry Container";available;;
AYPU;265753;0;AYPU2657530;20;"Dry Container";available;;
AYPU;265816;2;AYPU2658162;20;"Dry Container";available;;
AYPU;265842;9;AYPU2658429;20;"Dry Container";available;;
AYPU;265956;0;AYPU2659560;20;"Dry Container";available;;
AYPU;266047;3;AYPU2660473;20;"Dry Container";available;;
AYPU;266203;2;AYPU2662032;20;"Dry Container";available;;
AYPU;266274;8;AYPU2662748;20;"Dry Container";available;;
AYPU;266598;4;AYPU2665984;20;"Dry Container";available;;
AYPU;267300;1;AYPU2673001;20;"Dry Container";available;;
AYPU;267523;6;AYPU2675236;20;"Dry Container";available;;
AYPU;268436;7;AYPU2684367;20;"Dry Container";available;;
AYPU;269205;8;AYPU2692058;20;"Dry Container";available;;
AYPU;270962;8;AYPU2709628;20;"Dry Container";available;;
AYPU;271493;8;AYPU2714938;20;"Dry Container";available;;
AYPU;271627;3;AYPU2716273;20;"Dry Container";available;;
AYPU;273250;8;AYPU2732508;20;"Dry Container";available;;
AYPU;273837;5;AYPU2738375;20;"Dry Container";available;;
AYPU;274154;8;AYPU2741548;20;"Dry Container";available;;
AYPU;274232;8;AYPU2742328;20;"Dry Container";available;;
AYPU;275847;5;AYPU2758475;20;"Dry Container";available;;
AYPU;276001;8;AYPU2760018;20;"Dry Container";available;;
AYPU;276084;8;AYPU2760848;20;"Dry Container";available;;
AYPU;276144;1;AYPU2761441;20;"Dry Container";available;;
AYPU;276279;3;AYPU2762793;20;"Dry Container";available;;
AYPU;276296;2;AYPU2762962;20;"Dry Container";available;;
AYPU;276996;7;AYPU2769967;20;"Dry Container";available;;
AYPU;277428;2;AYPU2774282;20;"Dry Container";available;;
AYPU;278125;8;AYPU2781258;20;"Dry Container";available;;
AYPU;278149;5;AYPU2781495;20;"Dry Container";available;;
AYPU;280849;0;AYPU2808490;20;"Dry Container";available;;
AYPU;281000;1;AYPU2810001;20;"Dry Container";available;;
AYPU;281722;9;AYPU2817229;20;"Dry Container";available;;
AYPU;282154;4;AYPU2821544;20;"Dry Container";available;;
AYPU;283144;6;AYPU2831446;20;"Dry Container";available;;
AYPU;283329;8;AYPU2833298;20;"Dry Container";available;;
AYPU;285506;0;AYPU2855060;20;"Dry Container";available;;
AYPU;285945;0;AYPU2859450;20;"Dry Container";available;;
AYPU;286097;6;AYPU2860976;20;"Dry Container";available;;
AYPU;286677;7;AYPU2866777;20;"Dry Container";available;;
AYPU;287042;9;AYPU2870429;20;"Dry Container";available;;
AYPU;287632;0;AYPU2876320;20;"Dry Container";available;;
AYPU;288397;1;AYPU2883971;20;"Dry Container";available;;
AYPU;956115;3;AYPU9561153;20;"Dry Container";available;;"TUKER TAMBAH AYPU2884831"
AYPU;289043;3;AYPU2890433;20;"Dry Container";available;;
AYPU;289159;2;AYPU2891592;20;"Dry Container";available;;
AYPU;289940;4;AYPU2899404;20;"Dry Container";available;;
AYPU;290126;3;AYPU2901263;20;"Dry Container";available;;
AYPU;290689;8;AYPU2906898;20;"Dry Container";available;;
AYPU;290772;8;AYPU2907728;20;"Dry Container";available;;
AYPU;290777;5;AYPU2907775;20;"Dry Container";available;;
AYPU;790692;0;AYPU7906920;20;"Dry Container";available;;TUKAR
AYPU;292364;0;AYPU2923640;20;"Dry Container";available;;
AYPU;292711;1;AYPU2927111;20;"Dry Container";available;;
AYPU;293092;3;AYPU2930923;20;"Dry Container";available;;
AYPU;293241;5;AYPU2932415;20;"Dry Container";available;;
AYPU;294129;6;AYPU2941296;20;"Dry Container";available;;
AYPU;294529;2;AYPU2945292;20;"Dry Container";available;;
AYPU;295056;8;AYPU2950568;20;"Dry Container";available;;
AYPU;295186;5;AYPU2951865;20;"Dry Container";available;;
AYPU;295448;3;AYPU2954483;20;"Dry Container";available;;
AYPU;295552;0;AYPU2955520;20;"Dry Container";available;;
AYPU;296509;9;AYPU2965099;20;"Dry Container";available;;
AYPU;297663;6;AYPU2976636;20;"Dry Container";available;;
AYPU;298019;0;AYPU2980190;20;"Dry Container";available;;
AYPU;298574;1;AYPU2985741;20;"Dry Container";available;;
AYPU;298786;8;AYPU2987868;20;"Dry Container";available;;
AYPU;299042;9;AYPU2990429;20;"Dry Container";available;;
AYPU;299566;8;AYPU2995668;20;"Dry Container";available;;
AYPU;300658;9;AYPU3006589;20;"Dry Container";available;;
AYPU;302064;9;AYPU3020649;20;"Dry Container";available;;
AYPU;305747;2;AYPU3057472;20;"Dry Container";available;;
AYPU;306009;2;AYPU3060092;20;"Dry Container";available;;
AYPU;306617;0;AYPU3066170;20;"Dry Container";available;;
AYPU;306690;0;AYPU3066900;20;"Dry Container";available;;
AYPU;307284;1;AYPU3072841;20;"Dry Container";available;;
AYPU;308650;5;AYPU3086505;20;"Dry Container";available;;
AYPU;308778;0;AYPU3087780;20;"Dry Container";available;;
AYPU;309444;0;AYPU3094440;20;"Dry Container";available;;
AYPU;309471;0;AYPU3094710;20;"Dry Container";available;;
AYPU;311590;1;AYPU3115901;20;"Dry Container";available;;
AYPU;311776;1;AYPU3117761;20;"Dry Container";available;;
AYPU;312016;9;AYPU3120169;20;"Dry Container";available;;
AYPU;314705;1;AYPU3147051;20;"Dry Container";available;;
AYPU;316102;3;AYPU3161023;20;"Dry Container";available;;
AYPU;316381;2;AYPU3163812;20;"Dry Container";available;;
AYPU;316550;1;AYPU3165501;20;"Dry Container";available;;
AYPU;316927;7;AYPU3169277;20;"Dry Container";available;;
AYPU;316937;0;AYPU3169370;20;"Dry Container";available;;
AYPU;316965;7;AYPU3169657;20;"Dry Container";available;;
AYPU;317453;0;AYPU3174530;20;"Dry Container";available;;
AYPU;317486;4;AYPU3174864;20;"Dry Container";available;;
AYPU;317602;3;AYPU3176023;20;"Dry Container";available;;
AYPU;317632;1;AYPU3176321;20;"Dry Container";available;;
AYPU;317822;1;AYPU3178221;20;"Dry Container";available;;
AYPU;318539;0;AYPU3185390;20;"Dry Container";available;;
AYPU;792341;9;AYPU7923419;20;"Dry Container";available;;TUKAR
AYPU;320534;6;AYPU3205346;20;"Dry Container";available;;
AYPU;320621;3;AYPU3206213;20;"Dry Container";available;;
AYPU;323140;6;AYPU3231406;20;"Dry Container";available;;
AYPU;323907;9;AYPU3239079;20;"Dry Container";available;;
AYPU;324242;7;AYPU3242427;20;"Dry Container";available;;
AYPU;324531;8;AYPU3245318;20;"Dry Container";available;;
AYPU;324629;0;AYPU3246290;20;"Dry Container";available;;
AYPU;325570;6;AYPU3255706;20;"Dry Container";available;;
AYPU;327311;6;AYPU3273116;20;"Dry Container";available;;
AYPU;327635;7;AYPU3276357;20;"Dry Container";available;;
AYPU;328106;4;AYPU3281064;20;"Dry Container";available;;
AYPU;328743;1;AYPU3287431;20;"Dry Container";available;;
AYPU;329455;4;AYPU3294554;20;"Dry Container";available;;
AYPU;329499;7;AYPU3294997;20;"Dry Container";available;;
AYPU;330164;8;AYPU3301648;20;"Dry Container";available;;
AYPU;330283;4;AYPU3302834;20;"Dry Container";available;;
AYPU;330579;3;AYPU3305793;20;"Dry Container";available;;
AYPU;330691;1;AYPU3306911;20;"Dry Container";available;;
AYPU;330782;0;AYPU3307820;20;"Dry Container";available;;
AYPU;332846;0;AYPU3328460;20;"Dry Container";available;;
AYPU;334046;4;AYPU3340464;20;"Dry Container";available;;
AYPU;334799;0;AYPU3347990;20;"Dry Container";available;;
AYPU;334931;2;AYPU3349312;20;"Dry Container";available;;
AYPU;338033;1;AYPU3380331;20;"Dry Container";available;;
AYPU;338413;3;AYPU3384133;20;"Dry Container";available;;
AYPU;338581;8;AYPU3385818;20;"Dry Container";available;;
AYPU;339008;6;AYPU3390086;20;"Dry Container";available;;
AYPU;339247;4;AYPU3392474;20;"Dry Container";available;;
AYPU;341112;5;AYPU3411125;20;"Dry Container";available;;
AYPU;343928;1;AYPU3439281;20;"Dry Container";available;;
AYPU;344767;4;AYPU3447674;20;"Dry Container";available;;
AYPU;346348;5;AYPU3463485;20;"Dry Container";available;;
AYPU;346552;8;AYPU3465528;20;"Dry Container";available;;
AYPU;346714;6;AYPU3467146;20;"Dry Container";available;;
AYPU;346778;9;AYPU3467789;20;"Dry Container";available;;
AYPU;346824;5;AYPU3468245;20;"Dry Container";available;;
AYPU;347324;3;AYPU3473243;20;"Dry Container";available;;
AYPU;970356;1;AYPU9703561;20;"Dry Container";available;;"TUKER TAMBAH AYPU3500060"
AYPU;350790;6;AYPU3507906;20;"Dry Container";available;;
AYPU;354531;7;AYPU3545317;20;"Dry Container";available;;
AYPU;355015;8;AYPU3550158;20;"Dry Container";available;;
AYPU;356645;2;AYPU3566452;20;"Dry Container";available;;
AYPU;357633;0;AYPU3576330;20;"Dry Container";available;;
AYPU;357873;0;AYPU3578730;20;"Dry Container";available;;
AYPU;358043;0;AYPU3580430;20;"Dry Container";available;;
AYPU;358159;4;AYPU3581594;20;"Dry Container";available;;
AYPU;358459;3;AYPU3584593;20;"Dry Container";available;;
AYPU;361521;2;AYPU3615212;20;"Dry Container";available;;
AYPU;363858;9;AYPU3638589;20;"Dry Container";available;;
AYPU;364021;0;AYPU3640210;20;"Dry Container";available;;
AYPU;364301;6;AYPU3643016;20;"Dry Container";available;;
AYPU;364326;9;AYPU3643269;20;"Dry Container";available;;
AYPU;365310;2;AYPU3653102;20;"Dry Container";available;;
AYPU;365357;8;AYPU3653578;20;"Dry Container";available;;
AYPU;365529;3;AYPU3655293;20;"Dry Container";available;;
AYPU;365554;4;AYPU3655544;20;"Dry Container";available;;
AYPU;366233;5;AYPU3662335;20;"Dry Container";available;;
AYPU;366418;7;AYPU3664187;20;"Dry Container";available;;
AYPU;367665;5;AYPU3676655;20;"Dry Container";available;;
AYPU;367682;0;AYPU3676820;20;"Dry Container";available;;
AYPU;367693;2;AYPU3676932;20;"Dry Container";available;;
AYPU;368174;9;AYPU3681749;20;"Dry Container";available;;
AYPU;368447;6;AYPU3684476;20;"Dry Container";available;;
AYPU;368718;5;AYPU3687185;20;"Dry Container";available;;
AYPU;368817;3;AYPU3688173;20;"Dry Container";available;;
AYPU;369332;0;AYPU3693320;20;"Dry Container";available;;
AYPU;369387;9;AYPU3693879;20;"Dry Container";available;;
AYPU;369668;0;AYPU3696680;20;"Dry Container";available;;
AYPU;369877;0;AYPU3698770;20;"Dry Container";available;;
AYPU;370216;7;AYPU3702167;20;"Dry Container";available;;
AYPU;370455;5;AYPU3704555;20;"Dry Container";available;;
AYPU;370586;5;AYPU3705865;20;"Dry Container";available;;
AYPU;370723;5;AYPU3707235;20;"Dry Container";available;;
AYPU;370741;0;AYPU3707410;20;"Dry Container";available;;
AYPU;370949;1;AYPU3709491;20;"Dry Container";available;;
AYPU;371363;5;AYPU3713635;20;"Dry Container";available;;
AYPU;371491;2;AYPU3714912;20;"Dry Container";available;;
AYPU;371660;1;AYPU3716601;20;"Dry Container";available;;
AYPU;371684;9;AYPU3716849;20;"Dry Container";available;;
AYPU;371987;4;AYPU3719874;20;"Dry Container";available;;
AYPU;372009;3;AYPU3720093;20;"Dry Container";available;;
AYPU;372076;6;AYPU3720766;20;"Dry Container";available;;
AYPU;372245;5;AYPU3722455;20;"Dry Container";available;;
AYPU;372309;3;AYPU3723093;20;"Dry Container";available;;
AYPU;372960;9;AYPU3729609;20;"Dry Container";available;;
AYPU;373028;2;AYPU3730282;20;"Dry Container";available;;
AYPU;373081;7;AYPU3730817;20;"Dry Container";available;;
AYPU;373191;0;AYPU3731910;20;"Dry Container";available;;
AYPU;373231;6;AYPU3732316;20;"Dry Container";available;;
AYPU;373378;5;AYPU3733785;20;"Dry Container";available;;
AYPU;373598;3;AYPU3735983;20;"Dry Container";available;;
AYPU;373648;6;AYPU3736486;20;"Dry Container";available;;
AYPU;373761;0;AYPU3737610;20;"Dry Container";available;;
AYPU;373798;2;AYPU3737982;20;"Dry Container";available;;
AYPU;374246;8;AYPU3742468;20;"Dry Container";available;;
AYPU;374302;8;AYPU3743028;20;"Dry Container";available;;
AYPU;374524;0;AYPU3745240;20;"Dry Container";available;;
AYPU;374602;7;AYPU3746027;20;"Dry Container";available;;
AYPU;374643;7;AYPU3746437;20;"Dry Container";available;;
AYPU;374708;6;AYPU3747086;20;"Dry Container";available;;
AYPU;374730;0;AYPU3747300;20;"Dry Container";available;;
AYPU;374950;9;AYPU3749509;20;"Dry Container";available;;
AYPU;375436;6;AYPU3754366;20;"Dry Container";available;;
AYPU;375518;7;AYPU3755187;20;"Dry Container";available;;
AYPU;376312;9;AYPU3763129;20;"Dry Container";available;;
AYPU;376316;1;AYPU3763161;20;"Dry Container";available;;
AYPU;376652;7;AYPU3766527;20;"Dry Container";available;;
AYPU;376720;4;AYPU3767204;20;"Dry Container";available;;
AYPU;377439;5;AYPU3774395;20;"Dry Container";available;;
AYPU;377862;0;AYPU3778620;20;"Dry Container";available;;
AYPU;378115;1;AYPU3781151;20;"Dry Container";available;;
AYPU;378516;0;AYPU3785160;20;"Dry Container";available;;
AYPU;378546;5;AYPU3785465;20;"Dry Container";available;;
AYPU;378752;0;AYPU3787520;20;"Dry Container";available;;
AYPU;378958;7;AYPU3789587;20;"Dry Container";available;;
AYPU;379360;3;AYPU3793603;20;"Dry Container";available;;
AYPU;379712;7;AYPU3797127;20;"Dry Container";available;;
AYPU;381682;6;AYPU3816826;20;"Dry Container";available;;
AYPU;381803;9;AYPU3818039;20;"Dry Container";available;;
AYPU;381991;0;AYPU3819910;20;"Dry Container";available;;
AYPU;382268;3;AYPU3822683;20;"Dry Container";available;;
AYPU;382722;4;AYPU3827224;20;"Dry Container";available;;
AYPU;382981;5;AYPU3829815;20;"Dry Container";available;;
AYPU;383379;6;AYPU3833796;20;"Dry Container";available;;
AYPU;383599;3;AYPU3835993;20;"Dry Container";available;;
AYPU;384584;5;AYPU3845845;20;"Dry Container";available;;
AYPU;385433;8;AYPU3854338;20;"Dry Container";available;;
AYPU;385788;8;AYPU3857888;20;"Dry Container";available;;
AYPU;386203;5;AYPU3862035;20;"Dry Container";available;;
AYPU;386440;1;AYPU3864401;20;"Dry Container";available;;
AYPU;386845;4;AYPU3868454;20;"Dry Container";available;;
AYPU;387541;2;AYPU3875412;20;"Dry Container";available;;
AYPU;387627;6;AYPU3876276;20;"Dry Container";available;;
AYPU;387945;0;AYPU3879450;20;"Dry Container";available;;
AYPU;388920;5;AYPU3889205;20;"Dry Container";available;;
AYPU;389037;7;AYPU3890377;20;"Dry Container";available;;
AYPU;389726;3;AYPU3897263;20;"Dry Container";available;;
AYPU;389761;7;AYPU3897617;20;"Dry Container";available;;
AYPU;390282;1;AYPU3902821;20;"Dry Container";available;;
AYPU;390906;2;AYPU3909062;20;"Dry Container";available;;
AYPU;391897;8;AYPU3918978;20;"Dry Container";available;;
AYPU;393229;8;AYPU3932298;20;"Dry Container";available;;
AYPU;393363;2;AYPU3933632;20;"Dry Container";available;;
AYPU;393657;0;AYPU3936570;20;"Dry Container";available;;
AYPU;393865;5;AYPU3938655;20;"Dry Container";available;;
AYPU;393953;8;AYPU3939538;20;"Dry Container";available;;
AYPU;394003;5;AYPU3940035;20;"Dry Container";available;;
AYPU;394067;3;AYPU3940673;20;"Dry Container";available;;
AYPU;394098;7;AYPU3940987;20;"Dry Container";available;;
AYPU;394141;1;AYPU3941411;20;"Dry Container";available;;
AYPU;394181;2;AYPU3941812;20;"Dry Container";available;;
AYPU;394891;0;AYPU3948910;20;"Dry Container";available;;
AYPU;395161;5;AYPU3951615;20;"Dry Container";available;;
AYPU;396550;0;AYPU3965500;20;"Dry Container";available;;
AYPU;397805;4;AYPU3978054;20;"Dry Container";available;;
AYPU;400031;3;AYPU4000313;20;"Dry Container";available;;
AYPU;422071;8;AYPU4220718;20;"Dry Container";available;;
AYPU;424004;8;AYPU4240048;20;"Dry Container";available;;
AYPU;428742;4;AYPU4287424;20;"Dry Container";available;;
AYPU;454776;7;AYPU4547767;20;"Dry Container";available;;
AYPU;458781;0;AYPU4587810;40;"Dry Container";available;;
AYPU;478834;0;AYPU4788340;40;"Dry Container";available;;
AYPU;509262;6;AYPU5092626;40;"Dry Container";available;;
AYPU;521024;8;AYPU5210248;40;"Dry Container";available;;
AYPU;522433;9;AYPU5224339;40;"Dry Container";available;;
AYPU;523254;5;AYPU5232545;40;"Dry Container";available;;
AYPU;523524;6;AYPU5235246;40;"Dry Container";available;;
AYPU;524274;9;AYPU5242749;40;"Dry Container";available;;
AYPU;525969;6;AYPU5259696;40;"Dry Container";available;;
AYPU;532418;0;AYPU5324180;40;"Dry Container";available;;
AYPU;532831;2;AYPU5328312;40;"Dry Container";available;;
AYPU;533099;0;AYPU5330990;40;"Dry Container";available;;
AYPU;536670;8;AYPU5366708;20;"Dry Container";available;;
AYPU;540147;6;AYPU5401476;20;"Dry Container";available;;
AYPU;541064;7;AYPU5410647;20;"Dry Container";available;;
AYPU;545858;0;AYPU5458580;20;"Dry Container";available;;
AYPU;545955;0;AYPU5459550;20;"Dry Container";available;;
AYPU;547029;0;AYPU5470290;40;"Dry Container";available;;
AYPU;563257;6;AYPU5632576;40;"Dry Container";available;;
AYPU;563768;6;AYPU5637686;40;"Dry Container";available;;
AYPU;565488;9;AYPU5654889;40;"Dry Container";available;;
AYPU;566030;4;AYPU5660304;40;"Dry Container";available;;
AYPU;574508;4;AYPU5745084;40;"Dry Container";available;;
AYPU;574526;9;AYPU5745269;40;"Dry Container";available;;
AYPU;574911;4;AYPU5749114;40;"Dry Container";available;;
AYPU;574994;2;AYPU5749942;40;"Dry Container";available;;
AYPU;580580;9;AYPU5805809;40;"Dry Container";available;;
AYPU;581046;7;AYPU5810467;40;"Dry Container";available;;
AYPU;600016;7;AYPU6000167;20;"Dry Container";available;;
AYPU;600113;0;AYPU6001130;20;"Dry Container";available;;
AYPU;600154;3;AYPU6001543;20;"Dry Container";available;;
AYPU;600160;4;AYPU6001604;20;"Dry Container";available;;
AYPU;600605;7;AYPU6006057;20;"Dry Container";available;;
AYPU;600672;0;AYPU6006720;20;"Dry Container";available;;
AYPU;600712;0;AYPU6007120;20;"Dry Container";available;;
AYPU;600860;9;AYPU6008609;20;"Dry Container";available;;
AYPU;600865;6;AYPU6008656;20;"Dry Container";available;;
AYPU;600906;1;AYPU6009061;20;"Dry Container";available;;
AYPU;600910;1;AYPU6009101;20;"Dry Container";available;;
AYPU;600951;8;AYPU6009518;20;"Dry Container";available;;
AYPU;601236;3;AYPU6012363;20;"Dry Container";available;;
AYPU;602111;0;AYPU6021110;40;"Dry Container";available;;
AYPU;602281;8;AYPU6022818;20;"Dry Container";available;;
AYPU;602373;2;AYPU6023732;20;"Dry Container";available;;
AYPU;602562;7;AYPU6025627;20;"Dry Container";available;;
AYPU;602667;0;AYPU6026670;20;"Dry Container";available;;
AYPU;603051;5;AYPU6030515;20;"Dry Container";available;;
AYPU;603053;6;AYPU6030536;20;"Dry Container";available;;
AYPU;605616;9;AYPU6056169;20;"Dry Container";available;;
AYPU;614033;2;AYPU6140332;20;"Dry Container";available;;
AYPU;618369;5;AYPU6183695;20;"Dry Container";available;;
AYPU;620983;3;AYPU6209833;40;"Dry Container";available;;
AYPU;622317;1;AYPU6223171;40;"Dry Container";available;;
AYPU;628709;7;AYPU6287097;40;"Dry Container";available;;
AYPU;633417;0;AYPU6334170;20;"Dry Container";available;;
AYPU;633949;0;AYPU6339490;20;"Dry Container";available;;
AYPU;636009;5;AYPU6360095;40;"Dry Container";available;;
AYPU;636997;8;AYPU6369978;20;"Dry Container";available;;
AYPU;637126;3;AYPU6371263;20;"Dry Container";available;;
AYPU;638795;9;AYPU6387959;40;"Dry Container";available;;
AYPU;641558;5;AYPU6415585;20;"Dry Container";available;;
AYPU;560979;1;AYPU5609791;40;"Dry Container";available;;"TUKER TAMBAH AYPU6579627 "
AYPU;658173;2;AYPU6581732;40;"Dry Container";available;;
AYPU;666081;5;AYPU6660815;20;"Dry Container";available;;
AYPU;668421;0;AYPU6684210;20;"Dry Container";available;;
AYPU;673451;2;AYPU6734512;40;"Dry Container";available;;
AYPU;673899;2;AYPU6738992;40;"Dry Container";available;;
AYPU;675558;5;AYPU6755585;20;"Dry Container";available;;
AYPU;675836;6;AYPU6758366;40;"Dry Container";available;;
AYPU;706163;3;AYPU7061633;20;"Dry Container";available;;
AYPU;706381;0;AYPU7063810;20;"Dry Container";available;;
AYPU;030925;9;AYPU0309259;20;"Dry Container";available;;"TUKER TAMBAH AYPU7065444"
AYPU;706546;0;AYPU7065460;20;"Dry Container";available;;
AYPU;706579;4;AYPU7065794;20;"Dry Container";available;;
AYPU;706649;2;AYPU7066492;20;"Dry Container";available;;
AYPU;706779;7;AYPU7067797;20;"Dry Container";available;;
AYPU;706894;1;AYPU7068941;20;"Dry Container";available;;
AYPU;706985;0;AYPU7069850;20;"Dry Container";available;;
AYPU;707151;8;AYPU7071518;20;"Dry Container";available;;
AYPU;707292;0;AYPU7072920;20;"Dry Container";available;;
AYPU;788824;1;AYPU7888241;20;"Dry Container";available;;TUKER
AYPU;707485;7;AYPU7074857;20;"Dry Container";available;;
AYPU;707570;9;AYPU7075709;20;"Dry Container";available;;
AYPU;708324;2;AYPU7083242;20;"Dry Container";available;;
AYPU;708904;5;AYPU7089045;20;"Dry Container";available;;
AYPU;709238;9;AYPU7092389;20;"Dry Container";available;;
AYPU;709893;6;AYPU7098936;20;"Dry Container";available;;
AYPU;710215;2;AYPU7102152;20;"Dry Container";available;;
AYPU;711163;7;AYPU7111637;20;"Dry Container";available;;
AYPU;721643;2;AYPU7216432;20;"Dry Container";available;;
AYPU;729243;2;AYPU7292432;40;"Dry Container";available;;
AYPU;730040;0;AYPU7300400;20;"Dry Container";available;;
AYPU;732049;5;AYPU7320495;20;"Dry Container";available;;
AYPU;745565;4;AYPU7455654;20;"Dry Container";available;;
AYPU;746821;8;AYPU7468218;20;"Dry Container";available;;
AYPU;748834;8;AYPU7488348;20;"Dry Container";available;;
AYPU;748839;5;AYPU7488395;20;"Dry Container";available;;
AYPU;748876;0;AYPU7488760;20;"Dry Container";available;;
AYPU;748879;6;AYPU7488796;20;"Dry Container";available;;
AYPU;748890;2;AYPU7488902;20;"Dry Container";available;;
AYPU;749110;4;AYPU7491104;20;"Dry Container";available;;
AYPU;749209;7;AYPU7492097;20;"Dry Container";available;;
AYPU;749334;0;AYPU7493340;20;"Dry Container";available;;
AYPU;749351;3;AYPU7493513;20;"Dry Container";available;;
AYPU;749379;2;AYPU7493792;20;"Dry Container";available;;
AYPU;749386;5;AYPU7493865;20;"Dry Container";available;;
AYPU;749405;4;AYPU7494054;20;"Dry Container";available;;
AYPU;749509;6;AYPU7495096;20;"Dry Container";available;;
AYPU;749576;9;AYPU7495769;20;"Dry Container";available;;
AYPU;749742;1;AYPU7497421;20;"Dry Container";available;;
AYPU;749845;4;AYPU7498454;20;"Dry Container";available;;
AYPU;750066;0;AYPU7500660;20;"Dry Container";available;;
AYPU;750192;2;AYPU7501922;20;"Dry Container";available;;
AYPU;750432;0;AYPU7504320;20;"Dry Container";available;;
AYPU;751114;0;AYPU7511140;20;"Dry Container";available;;
AYPU;751138;7;AYPU7511387;20;"Dry Container";available;;
AYPU;751191;5;AYPU7511915;20;"Dry Container";available;;
AYPU;751355;9;AYPU7513559;20;"Dry Container";available;;
AYPU;751576;2;AYPU7515762;20;"Dry Container";available;;
AYPU;753142;0;AYPU7531420;20;"Dry Container";available;;
AYPU;756950;7;AYPU7569507;20;"Dry Container";available;;
AYPU;759496;3;AYPU7594963;20;"Dry Container";available;;
AYPU;759921;2;AYPU7599212;20;"Dry Container";available;;
AYPU;762846;4;AYPU7628464;20;"Dry Container";available;;
AYPU;765892;0;AYPU7658920;20;"Dry Container";available;;
AYPU;772027;5;AYPU7720275;20;"Dry Container";available;;
AYPU;778538;4;AYPU7785384;20;"Dry Container";available;;
AYPU;788620;7;AYPU7886207;20;"Dry Container";available;;
AYPU;790533;3;AYPU7905333;20;"Dry Container";available;;
AYPU;790940;5;AYPU7909405;20;"Dry Container";available;;
AYPU;792195;1;AYPU7921951;20;"Dry Container";available;;
AYPU;792487;9;AYPU7924879;20;"Dry Container";available;;
AYPU;794057;8;AYPU7940578;20;"Dry Container";available;;
AYPU;800456;0;AYPU8004560;20;"Dry Container";available;;
AYPU;803359;4;AYPU8033594;20;"Dry Container";available;;
AYPU;803400;8;AYPU8034008;20;"Dry Container";available;;
AYPU;803525;7;AYPU8035257;20;"Dry Container";available;;
AYPU;803902;0;AYPU8039020;20;"Dry Container";available;;
AYPU;820805;6;AYPU8208056;20;"Dry Container";available;;
AYPU;824232;3;AYPU8242323;40;"Dry Container";available;;
AYPU;825038;1;AYPU8250381;40;"Dry Container";available;;
AYPU;829100;8;AYPU8291008;20;"Dry Container";available;;
AYPU;833728;5;AYPU8337285;20;"Dry Container";available;;
AYPU;837255;8;AYPU8372558;20;"Dry Container";available;;
AYPU;837449;0;AYPU8374490;20;"Dry Container";available;;
AYPU;865453;5;AYPU8654535;40;"Dry Container";available;;
AYPU;880582;7;AYPU8805827;20;"Dry Container";available;;
AYPU;881963;5;AYPU8819635;20;"Dry Container";available;;
AYPU;882977;3;AYPU8829773;20;"Dry Container";available;;
AYPU;890104;0;AYPU8901040;20;"Dry Container";available;;
AYPU;893003;2;AYPU8930032;20;"Dry Container";available;;
AYPU;893599;6;AYPU8935996;20;"Dry Container";available;;
AYPU;894700;9;AYPU8947009;20;"Dry Container";available;;
AYPU;895576;6;AYPU8955766;20;"Dry Container";available;;
AYPU;904197;6;AYPU9041976;40;"Dry Container";available;;
AYPU;904981;1;AYPU9049811;40;"Dry Container";available;;
AYPU;909745;0;AYPU9097450;40;"Dry Container";available;;
AYPU;912245;6;AYPU9122456;40;"Dry Container";available;;
AYPU;921615;1;AYPU9216151;40;"Dry Container";available;;
AYPU;929871;4;AYPU9298714;40;"Dry Container";available;;
AYPU;930610;6;AYPU9306106;40;"Dry Container";available;;
AYPU;930992;9;AYPU9309929;20;"Dry Container";available;;
AYPU;939254;8;AYPU9392548;20;"Dry Container";available;;
AYPU;942582;0;AYPU9425820;40;"Dry Container";available;;
AYPU;943292;8;AYPU9432928;40;"Dry Container";available;;
AYPU;952683;8;AYPU9526838;40;"Dry Container";available;;
AYPU;966708;9;AYPU9667089;40;"Dry Container";available;;
AYPU;994264;1;AYPU9942641;40;"Dry Container";available;;
AYPU;031227;0;AYPU0312270;20;"Dry Container";available;;
AYPU;046296;5;AYPU0462965;20;"Dry Container";available;;
AYPX;241554;2;AYPX2415542;20;"Dry Container";available;;
AYPU;209281;3;AYPU2092813;20;"Dry Container";available;2013;"TUKER TAMBAH  "
AYPU;213221;7;AYPU2132217;20;"Dry Container";available;2013;"TUKER TAMBAH  "
AYPU;316731;0;AYPU3167310;20;"Dry Container";available;;
AYPX;318949;3;AYPX3189493;20;"Dry Container";available;;
AYPU;348064;4;AYPU3480644;20;"Dry Container";available;;"EX AYPX"
AYPU;305314;9;AYPU3053149;20;"Dry Container";available;2013;"TUKER TAMBAH  "
AYPU;297669;8;AYPU2976698;20;"Dry Container";available;;
PCU4;605;5;PCU4605;10;"Dry Container";available;;
PCU4;606;6;PCU4606;10;"Dry Container";available;;
AYPU;280817;9;AYPU2808179;20;"Dry Container";available;;
AYPU;122118;0;AYPU1221180;20;"Dry Container";available;;
AYPU;100977;7;AYPU1009777;20;"Dry Container";available;;
AYPU;325046;0;AYPU3250460;40;"Dry Container";available;;
AYPU;325047;5;AYPU3250475;40;"Dry Container";available;;
AYPU;760003;6;AYPU7600036;20;"Dry Container";available;2010;
AYPU;788311;0;AYPU7883110;20;"Dry Container";available;2010;
AYPU;792892;0;AYPU7928920;20;"Dry Container";available;2010;
AYPU;791043;2;AYPU7910432;20;"Dry Container";available;2010;
AYPU;790755;2;AYPU7907552;20;"Dry Container";available;2010;
AYPU;790828;7;AYPU7908287;20;"Dry Container";available;2010;
AYPU;793652;4;AYPU7936524;20;"Dry Container";available;2010;
AYPU;791507;5;AYPU7915075;20;"Dry Container";available;2010;
AYPU;793545;1;AYPU7935451;20;"Dry Container";available;2010;
AYPU;788679;0;AYPU7886790;20;"Dry Container";available;2010;
AYPU;023748;3;AYPU0237483;20;"Dry Container";available;2010;
AYPU;023632;1;AYPU0236321;20;"Dry Container";available;2010;
AYPU;026071;3;AYPU0260713;20;"Dry Container";available;2010;
AYPU;023524;3;AYPU0235243;20;"Dry Container";available;2010;
AYPU;026400;4;AYPU0264004;20;"Dry Container";available;2010;
AYPU;024150;2;AYPU0241502;20;"Dry Container";available;2010;
AYPU;023484;3;AYPU0234843;20;"Dry Container";available;2010;
AYPU;023412;3;AYPU0234123;20;"Dry Container";available;2010;
AYPU;020713;3;AYPU0207133;20;"Dry Container";available;2010;
AYPU;024770;6;AYPU0247706;20;"Dry Container";available;2010;
AYPU;285411;8;AYPU2854118;20;"Dry Container";available;2010;
AYPU;283013;7;AYPU2830137;20;"Dry Container";available;2010;
AYPU;293094;3;AYPU2930943;20;"Dry Container";available;2010;
AYPU;021682;9;AYPU0216829;20;"Dry Container";available;2010;
AYPU;290036;3;AYPU2900363;20;"Dry Container";available;2010;
AYPU;024302;2;AYPU0243022;20;"Dry Container";available;2010;
AYPU;020320;4;AYPU0203204;20;"Dry Container";available;2010;
AYPU;282921;8;AYPU2829218;20;"Dry Container";available;2010;
AYPU;025119;9;AYPU0251199;20;"Dry Container";available;2010;
AYPU;283797;5;AYPU2837975;20;"Dry Container";available;2010;
AYPU;025458;3;AYPU0254583;20;"Dry Container";available;;
AYPU;020591;1;AYPU0205911;20;"Dry Container";available;;
AYPU;309081;5;AYPU3090815;20;"Dry Container";available;;
AYPU;307783;4;AYPU3077834;20;"Dry Container";available;;
AYPU;605060;2;AYPU6050602;20;"Dry Container";available;;
AYPU;602016;7;AYPU6020167;20;"Dry Container";available;;
AYPU;605243;6;AYPU6052436;20;"Dry Container";available;;
AYPU;900222;7;AYPU9002227;40;"Dry Container";available;;
AYPU;068979;7;AYPU0689797;40;"Dry Container";available;;
AYPU;597904;0;AYPU5979040;40;"Dry Container";available;;
AYPU;591587;0;AYPU5915870;40;"Dry Container";available;;
AYPU;309545;8;AYPU3095458;20;"Dry Container";available;;"TUKER TAMBAH"
AYPU;251847;0;AYPU2518470;20;"Dry Container";available;;"BSIU2518470 SUDAH AYPU2518470"
AYPU;390350;6;AYPU3903506;20;"Dry Container";available;;"EMCU3903506 SUDAH AYPU3903506"
AYPU;788972;0;AYPU7889720;20;"Dry Container";available;;"KKTU7889720 SUDAH AYPU7889720"
AYPU;332084;2;AYPU3320842;20;"Dry Container";available;;"TCKU3320842 SUDAH AYPU3320842"
AYPU;309695;4;AYPU3096954;20;"Dry Container";available;;EGSU3096954
AYPU;220936;6;AYPU2209366;20;"Dry Container";available;;EISU2209366
AYPU;392670;7;AYPU3926707;20;"Dry Container";available;;EMCU3926707
AYPU;201738;4;AYPU2017384;20;"Dry Container";available;;EISU2017384
AYPU;210657;9;AYPU2106579;20;"Dry Container";available;;EISU2106579
AYPU;310033;4;AYPU3100334;20;"Dry Container";available;;EGSU3100334
AYPU;203033;9;AYPU2030339;20;"Dry Container";available;;EISU2030339
AYPU;204084;6;AYPU2040846;20;"Dry Container";available;;EISU2040846
AYPU;219916;5;AYPU2199165;20;"Dry Container";available;;
AYPU;306693;2;AYPU3066932;20;"Dry Container";available;;
AYPU;225653;7;AYPU2256537;20;"Dry Container";available;;
AYPU;226496;0;AYPU2264960;20;"Dry Container";available;;
AYPU;955753;3;AYPU9557533;20;"Dry Container";available;;"TUKER TAMBAH AYPU3596866"
AYPU;950371;1;AYPU9503711;20;"Dry Container";available;;"TUKER TAMBAH AYPU2044458"
AYPU;955498;2;AYPU9554982;20;"Dry Container";available;;"TUKER TAMBAH AYPU3524117"
AYPU;951451;0;AYPU9514510;20;"Dry Container";available;;"TUKER TAMBAH AYPU2485338"
AYPU;362460;8;AYPU3624608;20;"Dry Container";available;;"TUKER TAMBAH AYPU2099510"
AYPU;966217;0;AYPU9662170;20;"Dry Container";available;;"TUKER TAMBAH AYPU7499070"
AYPU;940917;7;AYPU9409177;20;"Dry Container";available;;"TUKER TAMBAH AYPU2455015"
AYPU;939707;6;AYPU9397076;20;"Dry Container";available;;"TUKER TAMBAH AYPU2754359"
AYPU;955768;3;AYPU9557683;20;"Dry Container";available;;"TUKER TAMBAH AYPU0312199"
AYPU;953279;3;AYPU9532793;20;"Dry Container";available;;"TUKER TAMBAH AYPX4548280"
AYPU;940821;0;AYPU9408210;20;"Dry Container";available;;"TUKER TAMBAH AYPX2221070"
AYPU;284022;0;AYPU2840220;20;"Dry Container";available;;"BELI "
AYPU;285013;0;AYPU2850130;20;"Dry Container";available;;"BELI "
AYPU;284047;5;AYPU2840475;20;"Dry Container";available;;"BELI "
AYPU;952415;0;AYPU9524150;20;"Dry Container";available;;"TUKER TAMBAH AYPU2272734"
AYPU;033269;1;AYPU0332691;20;"Dry Container";available;;"TUKER TAMBAH AYPU3435496"
AYPU;962739;5;AYPU9627395;20;"Dry Container";available;;"BELI "
AYPU;971212;0;AYPU9712120;20;"Dry Container";available;;"BELI "
AYPU;965989;6;AYPU9659896;20;"Dry Container";available;;"BELI "
AYPU;955949;6;AYPU9559496;20;"Dry Container";available;;"BELI "
AYPU;255318;9;AYPU2553189;20;"Dry Container";available;;"BELI "
AYPU;023040;5;AYPU0230405;20;"Dry Container";available;;"TUKER TAMBAH AYPU3319077"
AYPU;033496;6;AYPU0334966;20;"Dry Container";available;;"BELI "
AYPU;940667;1;AYPU9406671;20;"Dry Container";available;;"BELI "
AYPU;211630;0;AYPU2116300;20;"Dry Container";available;;"BELI "
AYPU;237501;3;AYPU2375013;20;"Dry Container";available;;"BELI "
AYPU;622117;7;AYPU6221177;40;"Dry Container";available;;"BELI GFC"
AYPU;666097;1;AYPU6660971;40;"Dry Container";available;;"BELI GFC"
AYPU;652406;5;AYPU6524065;40;"Dry Container";available;;"BELI GFC"
AYPU;683531;8;AYPU6835318;40;"Dry Container";available;;"BELI GFC"
AYPU;697348;8;AYPU6973488;40;"Dry Container";available;;"BELI GFC"
AYPU;623287;0;AYPU6232870;40;"Dry Container";available;;"BELI GFC"
AYPU;682828;4;AYPU6828284;40;"Dry Container";available;;"BELI GFC"
AYPU;653739;7;AYPU6537397;40;"Dry Container";available;;"BELI GFC"
AYPU;654015;3;AYPU6540153;40;"Dry Container";available;;"BELI GFC"
AYPU;650935;3;AYPU6509353;40;"Dry Container";available;;"BELI GFC"
AYPU;306914;1;AYPU3069141;20;"Dry Container";available;;"TUKER TAMBAH (AYPU3453859)"
AYPU;395397;6;AYPU3953976;20;"Dry Container";available;;"TUKER TAMBAH (AYPU2476574)"
AYPU;302883;6;AYPU3028836;20;"Dry Container";available;;"TUKER TAMBAH (AYPU3252019)"
AYPU;226340;7;AYPU2263407;20;"Dry Container";available;;"TUKER TAMBAH (AYPU2409719)"
AYPU;227883;0;AYPU2278830;20;"Dry Container";available;;"TUKER TAMBAH (AYPU2256312)"
AYPU;975896;5;AYPU9758965;20;"Dry Container";available;;"TUKER TAMBAH (AYPU8943488)"
AYPU;033363;5;AYPU0333635;20;"Dry Container";available;;"BELI DEPO SBM"
AYPU;028143;9;AYPU0281439;20;"Dry Container";available;;"BELI DEPO SBM"
AYPU;035527;5;AYPU0355275;20;"Dry Container";available;;"BELI DEPO SBM"
AYPU;046643;2;AYPU0466432;20;"Dry Container";available;;"BELI DEPO SBM"
AYPU;029069;9;AYPU0290699;20;"Dry Container";available;;"BELI DEPO SBM"
AYPU;038459;2;AYPU0384592;20;"Dry Container";available;;"BELI DEPO SBM"
AYPU;033405;6;AYPU0334056;20;"Dry Container";available;;"BELI DEPO SBM"
AYPU;053408;0;AYPU0534080;20;"Dry Container";available;;"BELI DEPO SBM"
WHLU;052401;4;WHLU0524014;20;"Dry Container";available;;"BELI DEPO SBM"
WHLU;053151;7;WHLU0531517;20;"Dry Container";available;;"BELI DEPO SBM"
